{"76_7_4_0": [0.35547475131250195, 0, 0.35547475131250195], "48_7_4_0": [0.35547475131250195, 0, 0.35547475131250195], "52_7_4_0": [0.35547475131250195, 0, 0.35547475131250195], "100_7_4_0": [0.35547475131250195, 0, 0.35547475131250195], "88_7_4_0": [0.35547475131250195, 0, 0.35547475131250195], "92_7_4_0": [0.35547475131250195, 0, 0.35547475131250195], "60_7_4_0": [0.35547475131250195, 0, 0.35547475131250195], "40_7_4_0": [0.35547475131250195, 0, 0.35547475131250195], "72_7_4_0": [0.35547475131250195, 0, 0.35547475131250195], "80_7_4_0": [0.35547475131250195, 0, 0.35547475131250195], "68_7_4_0": [0.35547475131250195, 0, 0.35547475131250195], "96_7_4_0": [0.35547475131250195, 0, 0.35547475131250195], "64_7_4_0": [0.35547475131250195, 0, 0.35547475131250195], "56_7_4_0": [0.35547475131250195, 0, 0.35547475131250195], "32_7_4_0": [0.35547475131250195, 0, 0.35547475131250195], "84_7_4_0": [0.35547475131250195, 0, 0.35547475131250195], "44_7_4_0": [0.35547475131250195, 0, 0.35547475131250195], "36_7_4_0": [0.35547475131250195, 0, 0.35547475131250195]}