{"76_7_4_0": [0.40109194427929085, 0.40109194427929085, 0.38426239174950877], "48_7_4_0": [0.40109194427929085, 0.40109194427929085, 0.38426239174950877], "52_7_4_0": [0.40109194427929085, 0.40109194427929085, 0.38426239174950877], "100_7_4_0": [0.40109194427929085, 0.40109194427929085, 0.38426239174950877], "88_7_4_0": [0.40109194427929085, 0.40109194427929085, 0.38426239174950877], "92_7_4_0": [0.40109194427929085, 0.40109194427929085, 0.38426239174950877], "60_7_4_0": [0.40109194427929085, 0.40109194427929085, 0.38426239174950877], "40_7_4_0": [0.40109194427929085, 0.40109194427929085, 0.38426239174950877], "72_7_4_0": [0.40109194427929085, 0.40109194427929085, 0.38426239174950877], "80_7_4_0": [0.40109194427929085, 0.40109194427929085, 0.38426239174950877], "68_7_4_0": [0.40109194427929085, 0.40109194427929085, 0.38426239174950877], "28_17_4_0": [0.40109194427929085, 0.40109194427929085, 0.38426239174950877], "96_7_4_0": [0.40109194427929085, 0.40109194427929085, 0.38426239174950877], "64_7_4_0": [0.40109194427929085, 0.40109194427929085, 0.38426239174950877], "56_7_4_0": [0.40109194427929085, 0.40109194427929085, 0.38426239174950877], "32_7_4_0": [0.40109194427929085, 0.40109194427929085, 0.38426239174950877], "84_7_4_0": [0.40109194427929085, 0.40109194427929085, 0.38426239174950877], "44_7_4_0": [0.40109194427929085, 0.40109194427929085, 0.38426239174950877], "36_7_4_0": [0.40109194427929085, 0.40109194427929085, 0.38426239174950877]}