{"76_7_4_0": [0.4160091925669622, 0.3929174915212793, 0.4227673674582326], "-74_69_4_0": [0.4160091925669622, 0.3929174915212793, 0.4227673674582326], "-54_93_4_0": [0.4160091925669622, 0.3929174915212793, 0.4227673674582326], "26_53_4_0": [0.4160091925669622, 0.3929174915212793, 0.4227673674582326], "-34_102_4_0": [0.4160091925669622, 0.3929174915212793, 0.4227673674582326], "-50_96_4_0": [0.4160091925669622, 0.3929174915212793, 0.4227673674582326], "10_79_4_0": [0.4160091925669622, 0.3929174915212793, 0.4227673674582326], "-94_30_4_0": [0.4160091925669622, 0.3929174915212793, 0.4227673674582326], "80_7_4_0": [0.4160091925669622, 0.3929174915212793, 0.4227673674582326], "-10_98_4_0": [0.4160091925669622, 0.3929174915212793, 0.4227673674582326], "52_7_4_0": [0.4160091925669622, 0.3929174915212793, 0.4227673674582326], "2_88_4_0": [0.4160091925669622, 0.3929174915212793, 0.4227673674582326], "-26_102_4_0": [0.4160091925669622, 0.3929174915212793, 0.4227673674582326], "-82_55_4_0": [0.4160091925669622, 0.3929174915212793, 0.4227673674582326], "84_7_4_0": [0.4160091925669622, 0.3929174915212793, 0.4227673674582326], "44_7_4_0": [0.4160091925669622, 0.3929174915212793, 0.4227673674582326], "36_7_4_0": [0.4160091925669622, 0.3929174915212793, 0.4227673674582326], "38_27_4_0": [0.4160091925669622, 0.3929174915212793, 0.4227673674582326], "88_7_4_0": [0.4160091925669622, 0.3929174915212793, 0.4227673674582326], "42_17_4_0": [0.4160091925669622, 0.3929174915212793, 0.4227673674582326], "-58_89_4_0": [0.4160091925669622, 0.3929174915212793, 0.4227673674582326], "-86_47_4_0": [0.4160091925669622, 0.3929174915212793, 0.4227673674582326], "-42_100_4_0": [0.4160091925669622, 0.3929174915212793, 0.4227673674582326], "6_84_4_0": [0.4160091925669622, 0.3929174915212793, 0.4227673674582326], "32_7_4_0": [0.4160091925669622, 0.3929174915212793, 0.4227673674582326], "22_60_4_0": [0.4160091925669622, 0.3929174915212793, 0.4227673674582326], "60_7_4_0": [0.4160091925669622, 0.3929174915212793, 0.4227673674582326], "-22_102_4_0": [0.4160091925669622, 0.3929174915212793, 0.4227673674582326], "-98_20_4_0": [0.4160091925669622, 0.3929174915212793, 0.4227673674582326], "48_7_4_0": [0.4160091925669622, 0.3929174915212793, 0.4227673674582326], "-70_75_4_0": [0.4160091925669622, 0.3929174915212793, 0.4227673674582326], "30_45_4_0": [0.4160091925669622, 0.3929174915212793, 0.4227673674582326], "72_7_4_0": [0.4160091925669622, 0.3929174915212793, 0.4227673674582326], "-66_80_4_0": [0.4160091925669622, 0.3929174915212793, 0.4227673674582326], "68_7_4_0": [0.4160091925669622, 0.3929174915212793, 0.4227673674582326], "-46_98_4_0": [0.4160091925669622, 0.3929174915212793, 0.4227673674582326], "-78_62_4_0": [0.4160091925669622, 0.3929174915212793, 0.4227673674582326], "-62_85_4_0": [0.4160091925669622, 0.3929174915212793, 0.4227673674582326], "34_36_4_0": [0.4160091925669622, 0.3929174915212793, 0.4227673674582326], "-18_101_4_0": [0.4160091925669622, 0.3929174915212793, 0.4227673674582326], "-30_102_4_0": [0.4160091925669622, 0.3929174915212793, 0.4227673674582326], "-2_92_4_0": [0.4160091925669622, 0.3929174915212793, 0.4227673674582326], "14_73_4_0": [0.4160091925669622, 0.3929174915212793, 0.4227673674582326], "64_7_4_0": [0.4160091925669622, 0.3929174915212793, 0.4227673674582326], "18_67_4_0": [0.4160091925669622, 0.3929174915212793, 0.4227673674582326], "56_7_4_0": [0.4160091925669622, 0.3929174915212793, 0.4227673674582326], "-14_100_4_0": [0.4160091925669622, 0.3929174915212793, 0.4227673674582326], "-90_39_4_0": [0.4160091925669622, 0.3929174915212793, 0.4227673674582326], "40_7_4_0": [0.4160091925669622, 0.3929174915212793, 0.4227673674582326], "-38_101_4_0": [0.4160091925669622, 0.3929174915212793, 0.4227673674582326], "-6_95_4_0": [0.4160091925669622, 0.3929174915212793, 0.4227673674582326]}