{"480_7_4_0": [0.40109194427929085, 0, 0], "96_7_4_0": [0.40109194427929085, 0, 0], "100_7_4_0": [0.40109194427929085, 0, 0], "92_7_4_0": [0.40109194427929085, 0, 0]}