{"40_7_4_0": [0.44039853898894116, 0, 0], "36_7_4_0": [0.44039853898894116, 0, 0]}