{"52_7_4_0": [0.3340938860840831, 0, 0.3112296656009273], "77_7_4_0": [0.3340938860840831, 0, 0.3112296656009273], "65_7_4_0": [0.3340938860840831, 0, 0.3112296656009273], "44_7_4_0": [0.3340938860840831, 0, 0.3112296656009273], "40_7_4_0": [0.3340938860840831, 0, 0.3112296656009273], "85_7_4_0": [0.3340938860840831, 0, 0.3112296656009273], "73_7_4_0": [0.3340938860840831, 0, 0.3112296656009273], "45_7_4_0": [0.3340938860840831, 0, 0.3112296656009273], "61_7_4_0": [0.3340938860840831, 0, 0.3112296656009273], "48_7_4_0": [0.3340938860840831, 0, 0.3112296656009273], "41_7_4_0": [0.3340938860840831, 0, 0.3112296656009273], "36_7_4_0": [0.3340938860840831, 0, 0.3112296656009273], "60_7_4_0": [0.3340938860840831, 0, 0.3112296656009273], "28_7_4_0": [0.3340938860840831, 0, 0.3112296656009273], "93_7_4_0": [0.3340938860840831, 0, 0.3112296656009273], "68_7_4_0": [0.3340938860840831, 0, 0.3112296656009273], "97_7_4_0": [0.3340938860840831, 0, 0.3112296656009273], "57_7_4_0": [0.3340938860840831, 0, 0.3112296656009273], "81_7_4_0": [0.3340938860840831, 0, 0.3112296656009273], "69_7_4_0": [0.3340938860840831, 0, 0.3112296656009273], "53_7_4_0": [0.3340938860840831, 0, 0.3112296656009273], "64_7_4_0": [0.3340938860840831, 0, 0.3112296656009273], "56_7_4_0": [0.3340938860840831, 0, 0.3112296656009273], "32_7_4_0": [0.3340938860840831, 0, 0.3112296656009273], "49_7_4_0": [0.3340938860840831, 0, 0.3112296656009273], "89_7_4_0": [0.3340938860840831, 0, 0.3112296656009273]}