{"76_7_4_0": [0.49974989944646026, 0.4990835305287536, 0.4997236106815382], "67_53_4_0": [0.49974989944646026, 0.4990835305287536, 0.4997236106815382], "65_-8_4_1": [0.49974989944646026, 0.4990835305287536, 0.4997236106815382], "-37_80_4_0": [0.49974989944646026, 0.4990835305287536, 0.4997236106815382], "84_7_4_0": [0.49974989944646026, 0.4990835305287536, 0.4997236106815382], "27_100_4_0": [0.49974989944646026, 0.4990835305287536, 0.4997236106815382], "-33_85_4_0": [0.49974989944646026, 0.4990835305287536, 0.4997236106815382], "37_-8_4_1": [0.49974989944646026, 0.4990835305287536, 0.4997236106815382], "81_-8_4_1": [0.49974989944646026, 0.4990835305287536, 0.4997236106815382], "40_7_4_0": [0.49974989944646026, 0.4990835305287536, 0.4997236106815382], "-21_85_4_0": [0.49974989944646026, 0.4990835305287536, 0.4997236106815382], "-9_89_4_0": [0.49974989944646026, 0.4990835305287536, 0.4997236106815382], "59_79_4_0": [0.49974989944646026, 0.4990835305287536, 0.4997236106815382], "31_101_4_0": [0.49974989944646026, 0.4990835305287536, 0.4997236106815382], "3_98_4_0": [0.49974989944646026, 0.4990835305287536, 0.4997236106815382], "23_101_4_0": [0.49974989944646026, 0.4990835305287536, 0.4997236106815382], "-1_100_4_0": [0.49974989944646026, 0.4990835305287536, 0.4997236106815382], "31_98_4_0": [0.49974989944646026, 0.4990835305287536, 0.4997236106815382], "55_73_4_0": [0.49974989944646026, 0.4990835305287536, 0.4997236106815382], "96_7_4_0": [0.49974989944646026, 0.4990835305287536, 0.4997236106815382], "63_73_4_0": [0.49974989944646026, 0.4990835305287536, 0.4997236106815382], "69_-8_4_1": [0.49974989944646026, 0.4990835305287536, 0.4997236106815382], "52_7_4_0": [0.49974989944646026, 0.4990835305287536, 0.4997236106815382], "0_0_4_None": [0.49974989944646026, 0.4990835305287536, 0.4997236106815382], "99_7_4_0": [0.49974989944646026, 0.4990835305287536, 0.4997236106815382], "-13_100_4_0": [0.49974989944646026, 0.4990835305287536, 0.4997236106815382], "11_102_4_0": [0.49974989944646026, 0.4990835305287536, 0.4997236106815382], "91_7_4_0": [0.49974989944646026, 0.4990835305287536, 0.4997236106815382], "27_102_4_0": [0.49974989944646026, 0.4990835305287536, 0.4997236106815382], "-29_89_4_0": [0.49974989944646026, 0.4990835305287536, 0.4997236106815382], "39_92_4_0": [0.49974989944646026, 0.4990835305287536, 0.4997236106815382], "45_-8_4_1": [0.49974989944646026, 0.4990835305287536, 0.4997236106815382], "73_-8_4_1": [0.49974989944646026, 0.4990835305287536, 0.4997236106815382], "47_84_4_0": [0.49974989944646026, 0.4990835305287536, 0.4997236106815382], "44_7_4_0": [0.49974989944646026, 0.4990835305287536, 0.4997236106815382], "23_102_4_0": [0.49974989944646026, 0.4990835305287536, 0.4997236106815382], "83_17_4_0": [0.49974989944646026, 0.4990835305287536, 0.4997236106815382], "579_7_4_0": [0.49974989944646026, 0.4990835305287536, 0.4997236106815382], "-41_55_4_0": [0.49974989944646026, 0.4990835305287536, 0.4997236106815382], "19_102_4_0": [0.49974989944646026, 0.4990835305287536, 0.4997236106815382], "95_7_4_0": [0.49974989944646026, 0.4990835305287536, 0.4997236106815382], "71_45_4_0": [0.49974989944646026, 0.4990835305287536, 0.4997236106815382], "57_-8_4_1": [0.49974989944646026, 0.4990835305287536, 0.4997236106815382], "-45_69_4_0": [0.49974989944646026, 0.4990835305287536, 0.4997236106815382], "-17_89_4_0": [0.49974989944646026, 0.4990835305287536, 0.4997236106815382], "-33_69_4_0": [0.49974989944646026, 0.4990835305287536, 0.4997236106815382], "68_7_4_0": [0.49974989944646026, 0.4990835305287536, 0.4997236106815382], "-9_101_4_0": [0.49974989944646026, 0.4990835305287536, 0.4997236106815382], "551_20_4_0": [0.49974989944646026, 0.4990835305287536, 0.4997236106815382], "89_-8_4_1": [0.49974989944646026, 0.4990835305287536, 0.4997236106815382], "55_84_4_0": [0.49974989944646026, 0.4990835305287536, 0.4997236106815382], "63_60_4_0": [0.49974989944646026, 0.4990835305287536, 0.4997236106815382], "71_60_4_0": [0.49974989944646026, 0.4990835305287536, 0.4997236106815382], "97_-8_4_1": [0.49974989944646026, 0.4990835305287536, 0.4997236106815382], "87_27_4_0": [0.49974989944646026, 0.4990835305287536, 0.4997236106815382], "83_36_4_0": [0.49974989944646026, 0.4990835305287536, 0.4997236106815382], "7_100_4_0": [0.49974989944646026, 0.4990835305287536, 0.4997236106815382], "80_7_4_0": [0.49974989944646026, 0.4990835305287536, 0.4997236106815382], "-13_93_4_0": [0.49974989944646026, 0.4990835305287536, 0.4997236106815382], "35_100_4_0": [0.49974989944646026, 0.4990835305287536, 0.4997236106815382], "35_95_4_0": [0.49974989944646026, 0.4990835305287536, 0.4997236106815382], "-5_102_4_0": [0.49974989944646026, 0.4990835305287536, 0.4997236106815382], "100_7_4_0": [0.49974989944646026, 0.4990835305287536, 0.4997236106815382], "3_101_4_0": [0.49974989944646026, 0.4990835305287536, 0.4997236106815382], "33_-8_4_1": [0.49974989944646026, 0.4990835305287536, 0.4997236106815382], "67_67_4_0": [0.49974989944646026, 0.4990835305287536, 0.4997236106815382], "53_-8_4_1": [0.49974989944646026, 0.4990835305287536, 0.4997236106815382], "85_-8_4_1": [0.49974989944646026, 0.4990835305287536, 0.4997236106815382], "39_98_4_0": [0.49974989944646026, 0.4990835305287536, 0.4997236106815382], "48_7_4_0": [0.49974989944646026, 0.4990835305287536, 0.4997236106815382], "49_-8_4_1": [0.49974989944646026, 0.4990835305287536, 0.4997236106815382], "93_-8_4_1": [0.49974989944646026, 0.4990835305287536, 0.4997236106815382], "43_95_4_0": [0.49974989944646026, 0.4990835305287536, 0.4997236106815382], "61_-8_4_1": [0.49974989944646026, 0.4990835305287536, 0.4997236106815382], "-29_75_4_0": [0.49974989944646026, 0.4990835305287536, 0.4997236106815382], "51_79_4_0": [0.49974989944646026, 0.4990835305287536, 0.4997236106815382], "41_-8_4_1": [0.49974989944646026, 0.4990835305287536, 0.4997236106815382], "43_88_4_0": [0.49974989944646026, 0.4990835305287536, 0.4997236106815382], "59_67_4_0": [0.49974989944646026, 0.4990835305287536, 0.4997236106815382], "-5_98_4_0": [0.49974989944646026, 0.4990835305287536, 0.4997236106815382], "87_7_4_0": [0.49974989944646026, 0.4990835305287536, 0.4997236106815382], "47_92_4_0": [0.49974989944646026, 0.4990835305287536, 0.4997236106815382], "-41_75_4_0": [0.49974989944646026, 0.4990835305287536, 0.4997236106815382], "-9_96_4_0": [0.49974989944646026, 0.4990835305287536, 0.4997236106815382], "88_7_4_0": [0.49974989944646026, 0.4990835305287536, 0.4997236106815382], "-25_93_4_0": [0.49974989944646026, 0.4990835305287536, 0.4997236106815382], "-5_93_4_0": [0.49974989944646026, 0.4990835305287536, 0.4997236106815382], "15_102_4_0": [0.49974989944646026, 0.4990835305287536, 0.4997236106815382], "-49_39_4_0": [0.49974989944646026, 0.4990835305287536, 0.4997236106815382], "79_27_4_0": [0.49974989944646026, 0.4990835305287536, 0.4997236106815382], "92_7_4_0": [0.49974989944646026, 0.4990835305287536, 0.4997236106815382], "-21_96_4_0": [0.49974989944646026, 0.4990835305287536, 0.4997236106815382], "91_17_4_0": [0.49974989944646026, 0.4990835305287536, 0.4997236106815382], "-53_30_4_0": [0.49974989944646026, 0.4990835305287536, 0.4997236106815382], "77_-8_4_1": [0.49974989944646026, 0.4990835305287536, 0.4997236106815382], "-13_85_4_0": [0.49974989944646026, 0.4990835305287536, 0.4997236106815382], "60_7_4_0": [0.49974989944646026, 0.4990835305287536, 0.4997236106815382], "75_36_4_0": [0.49974989944646026, 0.4990835305287536, 0.4997236106815382], "72_7_4_0": [0.49974989944646026, 0.4990835305287536, 0.4997236106815382], "-37_62_4_0": [0.49974989944646026, 0.4990835305287536, 0.4997236106815382], "273_65_4_1": [0.49974989944646026, 0.4990835305287536, 0.4997236106815382], "79_45_4_0": [0.49974989944646026, 0.4990835305287536, 0.4997236106815382], "-1_96_4_0": [0.49974989944646026, 0.4990835305287536, 0.4997236106815382], "-49_62_4_0": [0.49974989944646026, 0.4990835305287536, 0.4997236106815382], "-45_47_4_0": [0.49974989944646026, 0.4990835305287536, 0.4997236106815382],